id;titulo;descripcion;localizacion;fecha
1;Papelería Metal Algodón;Refinado Uruguayo;Madrid;2021-10-15T20:37:28
2;AI Algodón Aplicaciones;input;Marca Pequeño;2021-10-16T16:30:21
3;architect Dinamarca;Avon bypass Inversor;Creativo;2021-10-16T16:04:37
4;Cine;Murcia;Director transform RAM;2021-10-16T10:41:57
5;deposit open-source;Seguridada Bricolaje;Blanco grupo;2021-10-16T04:30:41
6;Sorprendente overriding;empower Deportes;extend;2021-10-16T04:34:48
7;explícita Congolese funcionalidad;SQLX;withdrawal Bicicleta previsión;2021-10-15T19:40:12
8;Cambridgeshire;Exclusivo;parse navigate Silla;2021-10-16T10:56:11
9;action-items Intranet;XSS index;Soluciones Guinea AGP;2021-10-15T17:33:08
10;Virtual;Toallas transmit;Rojo Bicicleta;2021-10-16T13:50:10
